<ImportExportXml xmlns:xsi="http://www.w3.org/2001/XMLSchema-instance" OrganizationVersion="9.2.25122.145" OrganizationSchemaType="Standard" CRMServerServiceabilityVersion="9.2.25122.00145">
  <Entities></Entities>
  <Roles></Roles>
  <Workflows>
    <Workflow WorkflowId="{caf5acaf-99d3-ef11-8ee9-6045bd3ab2b8}" Name="[BK - Fluxo Agendado]">
      <JsonFileName>/Workflows/BK-FluxoAgendado-CAF5ACAF-99D3-EF11-8EE9-6045BD3AB2B8.json</JsonFileName>
      <Type>1</Type>
      <Subprocess>0</Subprocess>
      <Category>5</Category>
      <Mode>0</Mode>
      <Scope>4</Scope>
      <OnDemand>0</OnDemand>
      <TriggerOnCreate>0</TriggerOnCreate>
      <TriggerOnDelete>0</TriggerOnDelete>
      <AsyncAutodelete>0</AsyncAutodelete>
      <SyncWorkflowLogOnFailure>0</SyncWorkflowLogOnFailure>
      <StateCode>1</StateCode>
      <StatusCode>2</StatusCode>
      <RunAs>1</RunAs>
      <IsTransacted>1</IsTransacted>
      <IntroducedVersion>1.0.0.0</IntroducedVersion>
      <IsCustomizable>1</IsCustomizable>
      <BusinessProcessType>0</BusinessProcessType>
      <IsCustomProcessingStepAllowedForOtherPublishers>1</IsCustomProcessingStepAllowedForOtherPublishers>
      <PrimaryEntity>none</PrimaryEntity>
      <LocalizedNames>
        <LocalizedName languagecode="1046" description="[BK - Fluxo Agendado]" />
      </LocalizedNames>
    </Workflow>
  </Workflows>
  <FieldSecurityProfiles></FieldSecurityProfiles>
  <Templates />
  <EntityMaps />
  <EntityRelationships />
  <OrganizationSettings />
  <optionsets />
  <CustomControls />
  <EntityDataProviders />
  <CanvasApps>
    <CanvasApp>
      <Name>bk_bkgestodepropostasevendasapp_27730</Name>
      <AppVersion>2025-10-24T18:24:58Z</AppVersion>
      <Status>Ready</Status>
      <CreatedByClientVersion>3.25102.17.0</CreatedByClientVersion>
      <MinClientVersion>3.25102.17.0</MinClientVersion>
      <Tags>{"primaryDeviceWidth":"1920","primaryDeviceHeight":"888","supportsPortrait":"true","supportsLandscape":"true","primaryFormFactor":"Tablet","showStatusBar":"false","publisherVersion":"3.25102.17","minimumRequiredApiVersion":"2.2.0","hasComponent":"true","hasUnlockedComponent":"true","isUnifiedRootApp":"false","sienaVersion":"20250822T174407Z-3.25082.8.0"}</Tags>
      <IsCdsUpgraded>0</IsCdsUpgraded>
      <GalleryItemId xsi:nil="true"></GalleryItemId>
      <BackgroundColor>rgba(255, 255, 255, 1)</BackgroundColor>
      <DisplayName>[BK - Gestão de Propostas e Vendas] - App</DisplayName>
      <Description xsi:nil="true"></Description>
      <CommitMessage xsi:nil="true"></CommitMessage>
      <Publisher xsi:nil="true"></Publisher>
      <AuthorizationReferences>[]</AuthorizationReferences>
      <ConnectionReferences>{"21f7c49c-722b-433c-8de8-35c4f2a37a85":{"id":"/providers/microsoft.powerapps/apis/shared_sharepointonline","displayName":"SharePoint","iconUri":"https://conn-afd-prod-endpoint-bmc9bqahasf3grgk.b01.azurefd.net/v1.0.1769/1.0.1769.4352/sharepointonline/icon.png","dataSources":["BasePercentuais","BasePropostas","BaseCustosRH","BaseCustosDiretos","BaseCalculoProposta","ListaEnvioProposta","ListaContrato"],"dependencies":[],"dependents":[],"parameterHints":{},"parameterHintsV2":{},"isOnPremiseConnection":false,"bypassConsent":false,"dataSets":{"https://bkengenhariacom.sharepoint.com/sites/BDbkNovos":{"dataSources":{"BasePercentuais":{"tableName":"c9d8b145-6db8-45b7-98c5-7dc982762e0c"},"BasePropostas":{"tableName":"5a8adef6-7047-43a2-b9a4-c40ce5584a30"},"BaseCustosRH":{"tableName":"f0a25787-5aea-499e-9720-250e3c21c25a"},"BaseCustosDiretos":{"tableName":"d0154036-4d28-4d1a-81dd-37c3e871a458"},"BaseCalculoProposta":{"tableName":"990ba016-861c-4840-9757-b600cc50aef1"},"ListaEnvioProposta":{"tableName":"2e71c544-0f86-484b-938b-1f178e76b619"},"ListaContrato":{"tableName":"d9c03e9c-1da0-4663-968f-9cb868cf9a86"}}}},"apiTier":"Standard","actions":["providers/PowerPlatform.Governance/Operations/Read","providers/PowerPlatform.Governance/Operations/Write","providers/PowerPlatform.Governance/Operations/Delete"]}}</ConnectionReferences>
      <DatabaseReferences>{}</DatabaseReferences>
      <AppComponents>[]</AppComponents>
      <AppComponentDependencies>[]</AppComponentDependencies>
      <CanConsumeAppPass>0</CanConsumeAppPass>
      <CanvasAppType>0</CanvasAppType>
      <BypassConsent>0</BypassConsent>
      <AdminControlBypassConsent>0</AdminControlBypassConsent>
      <EmbeddedApp xsi:nil="true"></EmbeddedApp>
      <IntroducedVersion>1.0</IntroducedVersion>
      <CdsDependencies>{"cdsdependencies":[]}</CdsDependencies>
      <IsCustomizable>1</IsCustomizable>
      <BackgroundImageUri>/CanvasApps/bk_bkgestodepropostasevendasapp_27730_BackgroundImageUri</BackgroundImageUri>
      <DocumentUri>/CanvasApps/bk_bkgestodepropostasevendasapp_27730_DocumentUri.msapp</DocumentUri>
      <AdditionalUris>
        <AdditionalUri>/CanvasApps/bk_bkgestodepropostasevendasapp_27730_AdditionalUris0_identity.json</AdditionalUri>
      </AdditionalUris>
    </CanvasApp>
  </CanvasApps>
  <Languages>
    <Language>1046</Language>
  </Languages>
</ImportExportXml>