<ImportExportXml xmlns:xsi="http://www.w3.org/2001/XMLSchema-instance" OrganizationVersion="9.2.25122.145" OrganizationSchemaType="Standard" CRMServerServiceabilityVersion="9.2.25122.00145">
  <Entities></Entities>
  <Roles></Roles>
  <Workflows>
    <Workflow WorkflowId="{ec00309e-e7ab-ef11-8a69-00224836d6c2}" Name="[BK - Fluxo Enviando Email] - App Gestao de Projetos">
      <JsonFileName>/Workflows/BK-FluxoEnviandoEmail-AppGestaodeProjetos-EC00309E-E7AB-EF11-8A69-00224836D6C2.json</JsonFileName>
      <Type>1</Type>
      <Subprocess>0</Subprocess>
      <Category>5</Category>
      <Mode>0</Mode>
      <Scope>4</Scope>
      <OnDemand>0</OnDemand>
      <TriggerOnCreate>0</TriggerOnCreate>
      <TriggerOnDelete>0</TriggerOnDelete>
      <AsyncAutodelete>0</AsyncAutodelete>
      <SyncWorkflowLogOnFailure>0</SyncWorkflowLogOnFailure>
      <StateCode>1</StateCode>
      <StatusCode>2</StatusCode>
      <RunAs>1</RunAs>
      <IsTransacted>1</IsTransacted>
      <IntroducedVersion>1.0.0.0</IntroducedVersion>
      <IsCustomizable>1</IsCustomizable>
      <BusinessProcessType>0</BusinessProcessType>
      <IsCustomProcessingStepAllowedForOtherPublishers>1</IsCustomProcessingStepAllowedForOtherPublishers>
      <PrimaryEntity>none</PrimaryEntity>
      <LocalizedNames>
        <LocalizedName languagecode="1046" description="[BK - Fluxo Enviando Email] - App Gestao de Projetos" />
      </LocalizedNames>
    </Workflow>
    <Workflow WorkflowId="{c5874f84-edab-ef11-8a69-00224836d6c2}" Name="[BK - Fluxo Agendado]">
      <JsonFileName>/Workflows/BK-FluxoAgendado-C5874F84-EDAB-EF11-8A69-00224836D6C2.json</JsonFileName>
      <Type>1</Type>
      <Subprocess>0</Subprocess>
      <Category>5</Category>
      <Mode>0</Mode>
      <Scope>4</Scope>
      <OnDemand>0</OnDemand>
      <TriggerOnCreate>0</TriggerOnCreate>
      <TriggerOnDelete>0</TriggerOnDelete>
      <AsyncAutodelete>0</AsyncAutodelete>
      <SyncWorkflowLogOnFailure>0</SyncWorkflowLogOnFailure>
      <StateCode>1</StateCode>
      <StatusCode>2</StatusCode>
      <RunAs>1</RunAs>
      <IsTransacted>1</IsTransacted>
      <IntroducedVersion>1.0.0.0</IntroducedVersion>
      <IsCustomizable>1</IsCustomizable>
      <BusinessProcessType>0</BusinessProcessType>
      <IsCustomProcessingStepAllowedForOtherPublishers>1</IsCustomProcessingStepAllowedForOtherPublishers>
      <PrimaryEntity>none</PrimaryEntity>
      <LocalizedNames>
        <LocalizedName languagecode="1046" description="[BK - Fluxo Agendado]" />
      </LocalizedNames>
    </Workflow>
  </Workflows>
  <FieldSecurityProfiles></FieldSecurityProfiles>
  <Templates />
  <EntityMaps />
  <EntityRelationships />
  <OrganizationSettings />
  <optionsets />
  <CustomControls />
  <EntityDataProviders />
  <CanvasApps>
    <CanvasApp>
      <Name>bk_bkcontroledeprojetosapp_64b9e</Name>
      <AppVersion>2025-09-23T14:47:16Z</AppVersion>
      <Status>Ready</Status>
      <CreatedByClientVersion>3.25092.9.0</CreatedByClientVersion>
      <MinClientVersion>3.25092.9.0</MinClientVersion>
      <Tags>{"primaryDeviceWidth":"1920","primaryDeviceHeight":"888","supportsPortrait":"true","supportsLandscape":"true","primaryFormFactor":"Tablet","showStatusBar":"false","publisherVersion":"3.25092.9","minimumRequiredApiVersion":"2.2.0","hasComponent":"true","hasUnlockedComponent":"true","isUnifiedRootApp":"false","sienaVersion":"20250904T131204Z-3.25084.7.0"}</Tags>
      <IsCdsUpgraded>0</IsCdsUpgraded>
      <GalleryItemId xsi:nil="true"></GalleryItemId>
      <BackgroundColor>rgba(255, 255, 255, 1)</BackgroundColor>
      <DisplayName>[BK - Controle de Projetos] - App</DisplayName>
      <Description xsi:nil="true"></Description>
      <CommitMessage xsi:nil="true"></CommitMessage>
      <Publisher xsi:nil="true"></Publisher>
      <AuthorizationReferences>[]</AuthorizationReferences>
      <ConnectionReferences>{"5b572239-feb5-4387-92cf-96a1e7a3ea49":{"id":"/providers/microsoft.powerapps/apis/shared_sharepointonline","displayName":"SharePoint","iconUri":"https://conn-afd-prod-endpoint-bmc9bqahasf3grgk.b01.azurefd.net/v1.0.1762/1.0.1762.4298/sharepointonline/icon.png","dataSources":["Equipes","ListaRevisoes","ListaTarefasProjeto","BaseColaboradores","ListaTarefasGeral","ListaRelatorioRevisoes","BaseProjetos","ListaGRD"],"dependencies":[],"dependents":[],"parameterHints":{},"parameterHintsV2":{},"isOnPremiseConnection":false,"bypassConsent":false,"dataSets":{"https://bkengenhariacom.sharepoint.com/sites/BDbkGestaoProjetos":{"dataSources":{"Equipes":{"tableName":"53e85060-5e33-4285-931e-27fac758ca65"},"ListaRevisoes":{"tableName":"99da6d05-a92f-4189-bab2-f7d23e814980"},"ListaTarefasProjeto":{"tableName":"4760f9ed-b691-459a-8082-d4ba8ff99e92"},"ListaTarefasGeral":{"tableName":"5f7a6b50-cb4a-4723-a773-341d2943076f"},"ListaRelatorioRevisoes":{"tableName":"76ae094d-67ef-40aa-8859-74224a2b7bbd"},"ListaGRD":{"tableName":"ee34a455-3310-4a8f-b397-faad756a2399"}}},"https://bkengenhariacom.sharepoint.com/sites/BDbkAproveitarBD":{"dataSources":{"BaseColaboradores":{"tableName":"bbf33655-c58c-4477-bdd2-05a54e1799f5"},"BaseProjetos":{"tableName":"1a19f559-2310-4554-84d1-afb9c7d3c40a"}}}},"apiTier":"Standard","actions":["providers/PowerPlatform.Governance/Operations/Read","providers/PowerPlatform.Governance/Operations/Write","providers/PowerPlatform.Governance/Operations/Delete"]}}</ConnectionReferences>
      <DatabaseReferences>{}</DatabaseReferences>
      <AppComponents>[]</AppComponents>
      <AppComponentDependencies>[]</AppComponentDependencies>
      <CanConsumeAppPass>0</CanConsumeAppPass>
      <CanvasAppType>0</CanvasAppType>
      <BypassConsent>0</BypassConsent>
      <AdminControlBypassConsent>0</AdminControlBypassConsent>
      <EmbeddedApp xsi:nil="true"></EmbeddedApp>
      <IntroducedVersion>1.0</IntroducedVersion>
      <CdsDependencies>{"cdsdependencies":[]}</CdsDependencies>
      <IsCustomizable>1</IsCustomizable>
      <BackgroundImageUri>/CanvasApps/bk_bkcontroledeprojetosapp_64b9e_BackgroundImageUri</BackgroundImageUri>
      <DocumentUri>/CanvasApps/bk_bkcontroledeprojetosapp_64b9e_DocumentUri.msapp</DocumentUri>
      <AdditionalUris>
        <AdditionalUri>/CanvasApps/bk_bkcontroledeprojetosapp_64b9e_AdditionalUris0_identity.json</AdditionalUri>
      </AdditionalUris>
    </CanvasApp>
  </CanvasApps>
  <connectionreferences>
    <connectionreference connectionreferencelogicalname="bk_sharedoffice365_47090">
      <connectionreferencedisplayname>Office 365 Outlook BKGestodeProjetos-47090</connectionreferencedisplayname>
      <connectorid>/providers/Microsoft.PowerApps/apis/shared_office365</connectorid>
      <iscustomizable>1</iscustomizable>
      <promptingbehavior>0</promptingbehavior>
      <statecode>0</statecode>
      <statuscode>1</statuscode>
    </connectionreference>
  </connectionreferences>
  <Languages>
    <Language>1046</Language>
  </Languages>
</ImportExportXml>