{
  "properties": {
    "connectionReferences": {
      "shared_sharepointonline": {
        "runtimeSource": "embedded",
        "connection": {
          "connectionReferenceLogicalName": "dpb_SharePoint_GeradorListas"
        },
        "api": {
          "name": "shared_sharepointonline"
        }
      },
      "shared_office365": {
        "runtimeSource": "embedded",
        "connection": {
          "connectionReferenceLogicalName": "bk_sharedoffice365_47090"
        },
        "api": {
          "name": "shared_office365"
        }
      }
    },
    "definition": {
      "$schema": "https://schema.management.azure.com/providers/Microsoft.Logic/schemas/2016-06-01/workflowdefinition.json#",
      "contentVersion": "1.0.0.0",
      "parameters": {
        "$connections": {
          "defaultValue": {},
          "type": "Object"
        },
        "$authentication": {
          "defaultValue": {},
          "type": "SecureObject"
        }
      },
      "triggers": {
        "Recurrence": {
          "recurrence": {
            "frequency": "Day",
            "interval": 1,
            "startTime": "2025-01-16T13:00:00Z"
          },
          "metadata": {
            "operationMetadataId": "2ed47009-f4b5-46c2-918b-79ac78bfa8a8"
          },
          "type": "Recurrence"
        }
      },
      "actions": {
        "Obter_itens": {
          "runAfter": {},
          "metadata": {
            "operationMetadataId": "31f04add-c0b6-4408-b407-7e144e108918"
          },
          "type": "OpenApiConnection",
          "inputs": {
            "host": {
              "connectionName": "shared_sharepointonline",
              "operationId": "GetItems",
              "apiId": "/providers/Microsoft.PowerApps/apis/shared_sharepointonline"
            },
            "parameters": {
              "dataset": "https://bkengenhariacom.sharepoint.com/sites/BDbkNovos",
              "table": "5a8adef6-7047-43a2-b9a4-c40ce5584a30"
            },
            "authentication": "@parameters('$authentication')"
          }
        },
        "Selecionar": {
          "runAfter": {
            "Obter_itens": [
              "Succeeded"
            ]
          },
          "metadata": {
            "operationMetadataId": "a21bf037-65e4-4b9f-a510-39a76dbb8696"
          },
          "type": "Select",
          "inputs": {
            "from": "@outputs('Obter_itens')?['body/value']",
            "select": {
              "Proposta": "@item()?['Proposta']",
              "Cliente": "@item()?['Cliente']",
              "Data Retorno": "@item()?['DataNovoContato']"
            }
          }
        },
        "Criar_Tabela_HTML": {
          "runAfter": {
            "Matriz_do_filtro_2": [
              "Succeeded"
            ]
          },
          "metadata": {
            "operationMetadataId": "4df0eb04-31a9-43b0-9ce3-be72aa633f23"
          },
          "type": "Table",
          "inputs": {
            "from": "@body('Selecionar')",
            "format": "HTML"
          }
        },
        "Compor": {
          "runAfter": {
            "Criar_Tabela_HTML": [
              "Succeeded"
            ]
          },
          "metadata": {
            "operationMetadataId": "783553e7-2363-43d7-9c24-e2b345325a9a"
          },
          "type": "Compose",
          "inputs": "/* Estilo para a tabela */\n<Style>\ntable {\n    width: 100%; /* Ajusta a largura da tabela */\n    border-collapse: collapse; /* Remove espaçamentos duplos entre as bordas */\n    background-color: #f2f2f2; /* Fundo cinza claro */\n}\n\n/* Estilo para as bordas da tabela */\ntable, th, td {\n    border: 1px solid #d9d9d9; /* Bordas cinza claro */\n}\n\n/* Estilo para os cabeçalhos */\nth {\n    background-color: #e6e6e6; /* Fundo cinza um pouco mais escuro para os cabeçalhos */\n    font-weight: bold; /* Negrito para os textos */\n    text-align: center; /* Centraliza o texto */\n    padding: 10px; /* Espaçamento interno */\n}\n\n/* Estilo para as células da tabela */\ntd {\n    padding: 10px; /* Espaçamento interno */\n    text-align: left; /* Alinha o texto à esquerda */\n}\n\n/* Estilo para as linhas alternadas */\ntr:nth-child(even) {\n    background-color: #ffffff; /* Fundo branco nas linhas pares */\n}\n\ntr:hover {\n    background-color: #d9d9d9; /* Destaque na linha ao passar o mouse */\n}"
        },
        "Enviar_um_email_(V2)": {
          "runAfter": {
            "Compor": [
              "Succeeded"
            ]
          },
          "metadata": {
            "operationMetadataId": "9032f330-7f58-4b5e-8cb0-628f97e4f9e1"
          },
          "type": "OpenApiConnection",
          "inputs": {
            "host": {
              "connectionName": "shared_office365",
              "operationId": "SendEmailV2",
              "apiId": "/providers/Microsoft.PowerApps/apis/shared_office365"
            },
            "parameters": {
              "emailMessage/To": "francielle@bk-engenharia.com;marcio@bk-engenharia.com",
              "emailMessage/Subject": "Contato com o Cliente",
              "emailMessage/Body": "<p>Boa tarde, <br>\nSeguem as propostas para entrar em contato:<br>\n@{outputs('Compor')}<br>\n@{body('Criar_Tabela_HTML')}<br>\n</p>",
              "emailMessage/Importance": "Normal"
            },
            "authentication": "@parameters('$authentication')"
          }
        },
        "Matriz_do_filtro": {
          "runAfter": {
            "Selecionar": [
              "Succeeded"
            ]
          },
          "metadata": {
            "operationMetadataId": "2c7f987e-b76b-4535-a7e6-a7962afbf2cb"
          },
          "type": "Query",
          "inputs": {
            "from": "@outputs('Obter_itens')?['body/value']",
            "where": "@not(equals(item()?['ConvertidoVenda'], '\"Perdido\"'))"
          }
        },
        "Matriz_do_filtro_2": {
          "runAfter": {
            "Matriz_do_filtro": [
              "Succeeded"
            ]
          },
          "metadata": {
            "operationMetadataId": "073a0454-cbfd-4e54-b684-46e8c1c63f09"
          },
          "type": "Query",
          "inputs": {
            "from": "@outputs('Obter_itens')?['body/value']",
            "where": "@not(equals(item()?['ConvertidoVenda'], '\"Vencido\"'))"
          }
        }
      }
    },
    "templateName": null
  },
  "schemaVersion": "1.0.0.0"
}