<ImportExportXml xmlns:xsi="http://www.w3.org/2001/XMLSchema-instance" OrganizationVersion="9.2.25122.145" OrganizationSchemaType="Standard" CRMServerServiceabilityVersion="9.2.25122.00145">
  <Entities></Entities>
  <Roles></Roles>
  <Workflows>
    <Workflow WorkflowId="{2d725306-dedf-ef11-8ee9-6045bd3915e5}" Name="Impressão PDF">
      <JsonFileName>/Workflows/ImpressoPDF-2D725306-DEDF-EF11-8EE9-6045BD3915E5.json</JsonFileName>
      <Type>1</Type>
      <Subprocess>0</Subprocess>
      <Category>5</Category>
      <Mode>0</Mode>
      <Scope>4</Scope>
      <OnDemand>0</OnDemand>
      <TriggerOnCreate>0</TriggerOnCreate>
      <TriggerOnDelete>0</TriggerOnDelete>
      <AsyncAutodelete>0</AsyncAutodelete>
      <SyncWorkflowLogOnFailure>0</SyncWorkflowLogOnFailure>
      <StateCode>1</StateCode>
      <StatusCode>2</StatusCode>
      <RunAs>1</RunAs>
      <IsTransacted>1</IsTransacted>
      <IntroducedVersion>1.0.0.0</IntroducedVersion>
      <IsCustomizable>1</IsCustomizable>
      <BusinessProcessType>0</BusinessProcessType>
      <IsCustomProcessingStepAllowedForOtherPublishers>1</IsCustomProcessingStepAllowedForOtherPublishers>
      <PrimaryEntity>none</PrimaryEntity>
      <LocalizedNames>
        <LocalizedName languagecode="1046" description="Impressão PDF" />
      </LocalizedNames>
    </Workflow>
  </Workflows>
  <FieldSecurityProfiles></FieldSecurityProfiles>
  <Templates />
  <EntityMaps />
  <EntityRelationships />
  <OrganizationSettings />
  <optionsets />
  <CustomControls />
  <EntityDataProviders />
  <CanvasApps>
    <CanvasApp>
      <Name>bk_bkappcustomizedv3_16cc5</Name>
      <AppVersion>2025-05-14T17:01:05Z</AppVersion>
      <Status>Ready</Status>
      <CreatedByClientVersion>3.25051.13.0</CreatedByClientVersion>
      <MinClientVersion>3.25051.13.0</MinClientVersion>
      <Tags>{"primaryDeviceWidth":"1920","primaryDeviceHeight":"888","supportsPortrait":"true","supportsLandscape":"true","primaryFormFactor":"Tablet","showStatusBar":"false","publisherVersion":"3.25051.13","minimumRequiredApiVersion":"2.2.0","hasComponent":"true","hasUnlockedComponent":"true","isUnifiedRootApp":"false","sienaVersion":"20250512T002220Z-3.25044.10.0"}</Tags>
      <IsCdsUpgraded>0</IsCdsUpgraded>
      <GalleryItemId xsi:nil="true"></GalleryItemId>
      <BackgroundColor>rgba(255, 255, 255, 1)</BackgroundColor>
      <DisplayName>[BK - Gestão de Compras] - App</DisplayName>
      <Description xsi:nil="true"></Description>
      <CommitMessage xsi:nil="true"></CommitMessage>
      <Publisher xsi:nil="true"></Publisher>
      <AuthorizationReferences>[]</AuthorizationReferences>
      <ConnectionReferences>{"20236b0e-ae34-45f9-b48a-ddb19f65cf44":{"id":"/providers/microsoft.powerapps/apis/shared_logicflows","displayName":"Fluxos lógicos","iconUri":"https://conn-afd-prod-endpoint-bmc9bqahasf3grgk.b01.azurefd.net/releases/v1.0.1745/1.0.1745.4169/logicflows/icon.png","dataSources":["ImpressãoPDF"],"dependencies":["dcfc188b-6ef8-4526-81d2-524223b82e61"],"dependents":[],"parameterHints":{"workflowName":{"value":"51ddfe6d-09d8-4884-be4f-d1f4f9900c9c"},"workflowEntityId":{"value":"2d725306-dedf-ef11-8ee9-6045bd3915e5"},"workflowDisplayName":{"value":"Impressão PDF"},"dcfc188b-6ef8-4526-81d2-524223b82e61":{"value":"shared_sharepointonline"}},"parameterHintsV2":{"workflowName":{"value":"51ddfe6d-09d8-4884-be4f-d1f4f9900c9c"},"workflowEntityId":{"value":"2d725306-dedf-ef11-8ee9-6045bd3915e5"},"workflowDisplayName":{"value":"Impressão PDF"},"shared_sharepointonline":{"value":"dcfc188b-6ef8-4526-81d2-524223b82e61"}},"isOnPremiseConnection":false,"bypassConsent":false,"dataSets":{},"apiTier":"Standard"},"dcfc188b-6ef8-4526-81d2-524223b82e61":{"id":"/providers/microsoft.powerapps/apis/shared_sharepointonline","displayName":"SharePoint","iconUri":"https://conn-afd-prod-endpoint-bmc9bqahasf3grgk.b01.azurefd.net/releases/v1.0.1746/1.0.1746.4174/sharepointonline/icon.png","dataSources":["BaseFornecedores","BaseCompra","BaseOrcamento","BaseRequisicoes","BaseColaboradores","BaseServicosProdutos","BaseCotacao","Cotacao"],"dependencies":[],"dependents":["20236b0e-ae34-45f9-b48a-ddb19f65cf44"],"parameterHints":{},"parameterHintsV2":{},"isOnPremiseConnection":false,"bypassConsent":false,"dataSets":{"https://bkengenhariacom.sharepoint.com/sites/BDbkNovos":{"dataSources":{"BaseCompra":{"tableName":"31c0e233-15f1-4fab-91c0-3ca167448524"},"BaseOrcamento":{"tableName":"51bc2dc3-3581-4225-8c01-4f41ebb4559f"},"BaseRequisicoes":{"tableName":"0426299b-d7b4-4e20-8645-15df2b3c2486"},"BaseServicosProdutos":{"tableName":"2abb72c8-0eb3-4571-8492-824a4e3bd6fe"},"BaseCotacao":{"tableName":"4841e684-0cf5-451c-8c57-a6c01be1d528"},"Cotacao":{"tableName":"1ea1fdee-ee3d-4584-9afd-21efc7e4fc76"}}},"https://bkengenhariacom.sharepoint.com/sites/BDbkAproveitarBD":{"dataSources":{"BaseFornecedores":{"tableName":"661640ea-11ca-4fda-b762-56ea152e93e1"},"BaseColaboradores":{"tableName":"bbf33655-c58c-4477-bdd2-05a54e1799f5"}}}},"apiTier":"Standard","actions":["providers/PowerPlatform.Governance/Operations/Read","providers/PowerPlatform.Governance/Operations/Write","providers/PowerPlatform.Governance/Operations/Delete"]}}</ConnectionReferences>
      <DatabaseReferences>{}</DatabaseReferences>
      <AppComponents>[]</AppComponents>
      <AppComponentDependencies>[]</AppComponentDependencies>
      <CanConsumeAppPass>0</CanConsumeAppPass>
      <CanvasAppType>0</CanvasAppType>
      <BypassConsent>0</BypassConsent>
      <AdminControlBypassConsent>0</AdminControlBypassConsent>
      <EmbeddedApp xsi:nil="true"></EmbeddedApp>
      <IntroducedVersion>1.0</IntroducedVersion>
      <CdsDependencies>{"cdsdependencies":[{"dependencyid":"2d725306-dedf-ef11-8ee9-6045bd3915e5","componenttype":29,"componenttypeplatformname":"Workflow"}]}</CdsDependencies>
      <IsCustomizable>1</IsCustomizable>
      <BackgroundImageUri>/CanvasApps/bk_bkappcustomizedv3_16cc5_BackgroundImageUri</BackgroundImageUri>
      <DocumentUri>/CanvasApps/bk_bkappcustomizedv3_16cc5_DocumentUri.msapp</DocumentUri>
      <AdditionalUris>
        <AdditionalUri>/CanvasApps/bk_bkappcustomizedv3_16cc5_AdditionalUris0_identity.json</AdditionalUri>
      </AdditionalUris>
    </CanvasApp>
  </CanvasApps>
  <Languages>
    <Language>1046</Language>
  </Languages>
</ImportExportXml>