<ImportExportXml xmlns:xsi="http://www.w3.org/2001/XMLSchema-instance" OrganizationVersion="9.2.25122.145" OrganizationSchemaType="Standard" CRMServerServiceabilityVersion="9.2.25122.00145">
  <Entities></Entities>
  <Roles></Roles>
  <Workflows></Workflows>
  <FieldSecurityProfiles></FieldSecurityProfiles>
  <Templates />
  <EntityMaps />
  <EntityRelationships />
  <OrganizationSettings />
  <optionsets />
  <CustomControls />
  <EntityDataProviders />
  <CanvasApps>
    <CanvasApp>
      <Name>dpb_mpcadastroprojetoapp_0497f</Name>
      <AppVersion>2025-01-14T16:26:31Z</AppVersion>
      <Status>Ready</Status>
      <CreatedByClientVersion>3.25011.7.0</CreatedByClientVersion>
      <MinClientVersion>3.25011.7.0</MinClientVersion>
      <Tags>{"primaryDeviceWidth":"1366","primaryDeviceHeight":"768","supportsPortrait":"true","supportsLandscape":"true","primaryFormFactor":"Tablet","publisherVersion":"3.25011.7","minimumRequiredApiVersion":"2.2.0","hasComponent":"true","hasUnlockedComponent":"true","isUnifiedRootApp":"false","sienaVersion":"20250114T162631Z-3.25011.7.0","showStatusBar":"false"}</Tags>
      <IsCdsUpgraded>0</IsCdsUpgraded>
      <GalleryItemId xsi:nil="true"></GalleryItemId>
      <BackgroundColor>rgba(255, 255, 255, 1)</BackgroundColor>
      <DisplayName>[MP - Cadastro Projeto e Atividades] - App</DisplayName>
      <Description xsi:nil="true"></Description>
      <CommitMessage xsi:nil="true"></CommitMessage>
      <Publisher></Publisher>
      <AuthorizationReferences>[]</AuthorizationReferences>
      <ConnectionReferences>{"99786bea-abb8-41d7-ba14-9a4e2b6b95b0":{"id":"/providers/microsoft.powerapps/apis/shared_sharepointonline","displayName":"SharePoint","iconUri":"https://connectoricons-prod.azureedge.net/releases/v1.0.1723/1.0.1723.3986/sharepointonline/icon.png","dataSources":["BaseProjetos","ListaTarefasGeral"],"dependencies":[],"dependents":[],"parameterHints":{},"parameterHintsV2":{},"isOnPremiseConnection":false,"bypassConsent":false,"dataSets":{"https://bkengenhariacom.sharepoint.com/sites/BDbkAproveitarBD_dpb_MP_Site":{"datasetOverride":{"name":"https://bkengenhariacom.sharepoint.com/sites/BDbkAproveitarBD","environmentVariableName":"dpb_MP_Site"},"dataSources":{"BaseProjetos":{"tableName":"1a19f559-2310-4554-84d1-afb9c7d3c40a","tableNameOverride":{"name":"1a19f559-2310-4554-84d1-afb9c7d3c40a","environmentVariableName":"dpb_BaseProjetos"}}}},"https://bkengenhariacom.sharepoint.com/sites/BDbkGestaoProjetos":{"dataSources":{"ListaTarefasGeral":{"tableName":"5f7a6b50-cb4a-4723-a773-341d2943076f"}}}},"apiTier":"Standard","actions":["providers/PowerPlatform.Governance/Operations/Read","providers/PowerPlatform.Governance/Operations/Write","providers/PowerPlatform.Governance/Operations/Delete"]}}</ConnectionReferences>
      <DatabaseReferences>{}</DatabaseReferences>
      <AppComponents>[]</AppComponents>
      <AppComponentDependencies>[]</AppComponentDependencies>
      <CanConsumeAppPass>1</CanConsumeAppPass>
      <CanvasAppType>0</CanvasAppType>
      <BypassConsent>0</BypassConsent>
      <AdminControlBypassConsent>0</AdminControlBypassConsent>
      <EmbeddedApp xsi:nil="true"></EmbeddedApp>
      <IntroducedVersion>1.0</IntroducedVersion>
      <CdsDependencies>{"cdsdependencies":[{"logicalname":"dpb_MP_Site","componenttype":380,"componenttypeplatformname":"EnvironmentVariableDefinition"},{"logicalname":"dpb_BaseProjetos","componenttype":380,"componenttypeplatformname":"EnvironmentVariableDefinition"}]}</CdsDependencies>
      <IsCustomizable>1</IsCustomizable>
      <BackgroundImageUri>/CanvasApps/dpb_mpcadastroprojetoapp_0497f_BackgroundImageUri</BackgroundImageUri>
      <DocumentUri>/CanvasApps/dpb_mpcadastroprojetoapp_0497f_DocumentUri.msapp</DocumentUri>
      <AdditionalUris>
        <AdditionalUri>/CanvasApps/dpb_mpcadastroprojetoapp_0497f_AdditionalUris0_identity.json</AdditionalUri>
      </AdditionalUris>
    </CanvasApp>
  </CanvasApps>
  <Languages>
    <Language>1046</Language>
  </Languages>
</ImportExportXml>