{
  "properties": {
    "connectionReferences": {
      "shared_sharepointonline": {
        "runtimeSource": "embedded",
        "connection": {
          "connectionReferenceLogicalName": "dpb_SharePoint_GeradorListas"
        },
        "api": {
          "name": "shared_sharepointonline"
        }
      },
      "shared_office365": {
        "runtimeSource": "embedded",
        "connection": {
          "connectionReferenceLogicalName": "bk_sharedoffice365_47090"
        },
        "api": {
          "name": "shared_office365"
        }
      }
    },
    "definition": {
      "$schema": "https://schema.management.azure.com/providers/Microsoft.Logic/schemas/2016-06-01/workflowdefinition.json#",
      "contentVersion": "1.0.0.0",
      "parameters": {
        "$connections": {
          "defaultValue": {},
          "type": "Object"
        },
        "$authentication": {
          "defaultValue": {},
          "type": "SecureObject"
        }
      },
      "triggers": {
        "Recurrence": {
          "recurrence": {
            "frequency": "Day",
            "interval": 1,
            "startTime": "2024-11-29T13:00:00Z",
            "schedule": {
              "hours": [
                "10"
              ]
            }
          },
          "metadata": {
            "operationMetadataId": "d53cfa32-4484-4b54-a24c-3c3fc95dae2a"
          },
          "type": "Recurrence"
        }
      },
      "actions": {
        "Obter_itens": {
          "runAfter": {},
          "metadata": {
            "operationMetadataId": "3d9af1d0-1ce8-4c42-be49-5694519f9943"
          },
          "type": "OpenApiConnection",
          "inputs": {
            "host": {
              "connectionName": "shared_sharepointonline",
              "operationId": "GetItems",
              "apiId": "/providers/Microsoft.PowerApps/apis/shared_sharepointonline"
            },
            "parameters": {
              "dataset": "https://bkengenhariacom.sharepoint.com/sites/BDbkGestaoProjetos",
              "table": "4760f9ed-b691-459a-8082-d4ba8ff99e92"
            },
            "authentication": "@parameters('$authentication')"
          }
        },
        "Selecionar": {
          "runAfter": {
            "Obter_itens": [
              "Succeeded"
            ]
          },
          "metadata": {
            "operationMetadataId": "4c3c581a-c001-4639-b49c-de099115030f"
          },
          "type": "Select",
          "inputs": {
            "from": "@outputs('Obter_itens')?['body/value']",
            "select": {
              "Id Item": "@item()?['ID']",
              "Data Conclusao": "@item()?['DataConclusao']",
              "Tarefa": "@item()?['DescricaoTarefa']",
              "Status": "@item()?['StatusTarefa/Value']",
              "Responsavel": "@item()?['IdResponsavel']",
              "Projeto": "@item()?['IdProjeto']"
            }
          }
        },
        "Criar_Tabela_HTML": {
          "runAfter": {
            "Selecionar": [
              "Succeeded"
            ]
          },
          "metadata": {
            "operationMetadataId": "f5db3eba-1bc0-410c-9d94-430d4dd7a457"
          },
          "type": "Table",
          "inputs": {
            "from": "@body('Selecionar')",
            "format": "HTML"
          }
        },
        "Enviar_um_email_(V2)": {
          "runAfter": {
            "Compor": [
              "Succeeded"
            ]
          },
          "metadata": {
            "operationMetadataId": "d0ecf131-85fb-4420-963e-b1482b73362a"
          },
          "type": "OpenApiConnection",
          "inputs": {
            "host": {
              "connectionName": "shared_office365",
              "operationId": "SendEmailV2",
              "apiId": "/providers/Microsoft.PowerApps/apis/shared_office365"
            },
            "parameters": {
              "emailMessage/To": "marcio@bk-engenharia.com;francielle@bk-engenharia.com;noah.knopp@bk-engenharia.com;diego.monteiro@bk-engenharia.com;guilherme.barreto@bk-engenharia.com",
              "emailMessage/Subject": "Tarefas dos Projetos",
              "emailMessage/Body": "<p>Seguem as tarefas e seus devidos responsáveis:<br>\n<br>\n- ID = 1 = Márcio<br>\n- ID = 2 = Francielle<br>\n- ID = 3 = Lucas<br>\n- ID = 4 = Guilherme<br>\n- ID = 5 = Leonardo<br>\n- ID = 6 = Diego<br>\n- ID = 7 = Noah<br>\n<br>\nCuidem da data de conclusão, não podemos deixar atrasar.<br>\n<br>\n@{outputs('Compor')}<br>\n@{body('Criar_Tabela_HTML')}</p>",
              "emailMessage/Importance": "Normal"
            },
            "authentication": "@parameters('$authentication')"
          }
        },
        "Compor": {
          "runAfter": {
            "Criar_Tabela_HTML": [
              "Succeeded"
            ]
          },
          "metadata": {
            "operationMetadataId": "b1fefaa3-7ab5-4e8f-a268-78e8d5796d4d"
          },
          "type": "Compose",
          "inputs": "/* Estilo para a tabela */\n<Style>\ntable {\n    width: 100%; /* Ajusta a largura da tabela */\n    border-collapse: collapse; /* Remove espaçamentos duplos entre as bordas */\n    background-color: #f2f2f2; /* Fundo cinza claro */\n}\n\n/* Estilo para as bordas da tabela */\ntable, th, td {\n    border: 1px solid #d9d9d9; /* Bordas cinza claro */\n}\n\n/* Estilo para os cabeçalhos */\nth {\n    background-color: #e6e6e6; /* Fundo cinza um pouco mais escuro para os cabeçalhos */\n    font-weight: bold; /* Negrito para os textos */\n    text-align: center; /* Centraliza o texto */\n    padding: 10px; /* Espaçamento interno */\n}\n\n/* Estilo para as células da tabela */\ntd {\n    padding: 10px; /* Espaçamento interno */\n    text-align: left; /* Alinha o texto à esquerda */\n}\n\n/* Estilo para as linhas alternadas */\ntr:nth-child(even) {\n    background-color: #ffffff; /* Fundo branco nas linhas pares */\n}\n\ntr:hover {\n    background-color: #d9d9d9; /* Destaque na linha ao passar o mouse */\n}"
        }
      }
    },
    "templateName": ""
  },
  "schemaVersion": "1.0.0.0"
}