<ImportExportXml xmlns:xsi="http://www.w3.org/2001/XMLSchema-instance" OrganizationVersion="9.2.25122.145" OrganizationSchemaType="Standard" CRMServerServiceabilityVersion="9.2.25122.00145">
  <Entities></Entities>
  <Roles></Roles>
  <Workflows></Workflows>
  <FieldSecurityProfiles></FieldSecurityProfiles>
  <Templates />
  <EntityMaps />
  <EntityRelationships />
  <OrganizationSettings />
  <optionsets />
  <CustomControls />
  <EntityDataProviders />
  <CanvasApps>
    <CanvasApp>
      <Name>bk_bkprocedimentosapp_fa21d</Name>
      <AppVersion>2025-05-20T19:01:57Z</AppVersion>
      <Status>Ready</Status>
      <CreatedByClientVersion>3.25051.13.0</CreatedByClientVersion>
      <MinClientVersion>3.25051.13.0</MinClientVersion>
      <Tags>{"primaryDeviceWidth":"1920","primaryDeviceHeight":"888","supportsPortrait":"true","supportsLandscape":"true","primaryFormFactor":"Tablet","showStatusBar":"false","publisherVersion":"3.25051.13","minimumRequiredApiVersion":"2.2.0","hasComponent":"true","hasUnlockedComponent":"true","isUnifiedRootApp":"false","sienaVersion":"20250520T185609Z-3.25051.13.0"}</Tags>
      <IsCdsUpgraded>0</IsCdsUpgraded>
      <GalleryItemId xsi:nil="true"></GalleryItemId>
      <BackgroundColor>rgba(255, 255, 255, 1)</BackgroundColor>
      <DisplayName>[BK - Procedimentos] - App</DisplayName>
      <Description xsi:nil="true"></Description>
      <CommitMessage xsi:nil="true"></CommitMessage>
      <Publisher xsi:nil="true"></Publisher>
      <AuthorizationReferences>[]</AuthorizationReferences>
      <ConnectionReferences>{"ae41f1dd-5938-49f5-bea5-718a0818fb01":{"id":"/providers/microsoft.powerapps/apis/shared_sharepointonline","displayName":"SharePoint","iconUri":"https://conn-afd-prod-endpoint-bmc9bqahasf3grgk.b01.azurefd.net/releases/v1.0.1746/1.0.1746.4174/sharepointonline/icon.png","dataSources":["BaseProcedimentos","ListaProcedimentosInseridos"],"dependencies":[],"dependents":[],"parameterHints":{},"parameterHintsV2":{},"isOnPremiseConnection":false,"bypassConsent":false,"dataSets":{"https://bkengenhariacom.sharepoint.com/sites/BDbkAproveitarBD":{"dataSources":{"BaseProcedimentos":{"tableName":"dbe22712-5aed-4eb4-81e2-6a4764b47f67"},"ListaProcedimentosInseridos":{"tableName":"47a32d80-66e2-4496-a3ec-9a0bd78c4254"}}}},"apiTier":"Standard","actions":["providers/PowerPlatform.Governance/Operations/Read","providers/PowerPlatform.Governance/Operations/Write","providers/PowerPlatform.Governance/Operations/Delete"]}}</ConnectionReferences>
      <DatabaseReferences>{}</DatabaseReferences>
      <AppComponents>[]</AppComponents>
      <AppComponentDependencies>[]</AppComponentDependencies>
      <CanConsumeAppPass>0</CanConsumeAppPass>
      <CanvasAppType>0</CanvasAppType>
      <BypassConsent>0</BypassConsent>
      <AdminControlBypassConsent>0</AdminControlBypassConsent>
      <EmbeddedApp xsi:nil="true"></EmbeddedApp>
      <IntroducedVersion>1.0</IntroducedVersion>
      <CdsDependencies>{"cdsdependencies":[]}</CdsDependencies>
      <IsCustomizable>1</IsCustomizable>
      <BackgroundImageUri>/CanvasApps/bk_bkprocedimentosapp_fa21d_BackgroundImageUri</BackgroundImageUri>
      <DocumentUri>/CanvasApps/bk_bkprocedimentosapp_fa21d_DocumentUri.msapp</DocumentUri>
      <AdditionalUris>
        <AdditionalUri>/CanvasApps/bk_bkprocedimentosapp_fa21d_AdditionalUris0_identity.json</AdditionalUri>
      </AdditionalUris>
    </CanvasApp>
  </CanvasApps>
  <Languages>
    <Language>1046</Language>
  </Languages>
</ImportExportXml>